steward,health,count,prop
0,1or2,Fair,3781,4.72625
1,1or2,Good,15422,19.2775
2,1or2,Poor,1264,1.58
3,3or4,Fair,612,0.765
4,3or4,Good,2883,3.60375
5,3or4,Poor,204,0.255
6,4orMore,Fair,33,0.04125
7,4orMore,Good,230,0.2875
8,4orMore,Poor,8,0.01
9,None,Fair,10353,12.941250000000002
10,None,Good,42140,52.675000000000004
11,None,Poor,3070,3.8375
